time,temp,rhum,prcp,snwd,wdir,wspd,wpgt,pres,tsun,cldc,coco
2025-01-01 00:00:00,10.4,92,0.0,,268,3.6,,1019.2,,2,5
2025-01-01 01:00:00,8.4,94,0.0,,261,3.7,,1019.5,,6,5
2025-01-01 02:00:00,8.8,92,0.0,,257,5.5,,1019.7,,6,5
2025-01-01 03:00:00,10.0,87,0.0,,270,5.4,,1020.2,,2,5
2025-01-01 04:00:00,10.9,83,0.0,,272,5.5,,1020.2,,2,5
2025-01-01 05:00:00,11.7,80,0.0,,274,7.4,,1020.3,,2,5
2025-01-01 06:00:00,13.0,73,0.0,,270,3.6,,1020.9,,2,5
2025-01-01 07:00:00,14.0,70,0.0,,277,9.3,,1019.2,,2,5
2025-01-01 08:00:00,15.5,64,0.0,,278,9.3,,1018.2,,2,5
2025-01-01 09:00:00,14.8,70,0.0,,270,5.4,,1017.9,,3,5
2025-01-01 10:00:00,14.7,72,0.0,,269,5.5,,1017.5,,3,5
2025-01-01 11:00:00,14.5,73,0.0,,267,5.5,,1017.2,,3,5
2025-01-01 12:00:00,13.0,84,0.0,,250,7.6,,1017.8,,2,5
2025-01-01 13:00:00,13.4,80,0.0,,264,5.5,,1017.5,,2,5
2025-01-01 14:00:00,12.4,86,0.0,,263,3.7,,1018.2,,2,5
2025-01-01 15:00:00,10.2,95,0.0,,0,0.0,,1019.6,,2,5
2025-01-01 16:00:00,10.7,94,0.0,,260,1.8,,1019.2,,0,5
2025-01-01 17:00:00,10.3,96,0.0,,262,1.8,,1019.2,,1,5
2025-01-01 18:00:00,8.4,100,0.0,,0,0.0,,1019.6,,1,5
2025-01-01 19:00:00,9.7,97,0.0,,266,1.8,,1018.9,,1,5
2025-01-01 20:00:00,9.3,99,0.0,,269,3.7,,1018.5,,2,5
2025-01-01 21:00:00,10.0,95,0.0,,0,0.0,,1017.9,,2,5
2025-01-01 22:00:00,9.3,98,0.0,,267,1.8,,1017.8,,2,5
2025-01-01 23:00:00,8.8,100,0.0,,267,1.8,,1017.6,,2,5
2025-01-02 00:00:00,10.0,95,0.0,,250,7.6,,1017.5,,2,5
2025-01-02 01:00:00,8.6,100,0.0,,258,5.5,,1018.1,,3,5
2025-01-02 02:00:00,9.0,98,0.0,,252,5.5,,1018.6,,3,5
2025-01-02 03:00:00,9.0,100,0.0,,250,5.4,,1019.5,,4,5
2025-01-02 04:00:00,10.7,90,0.0,,258,5.5,,1019.6,,7,5
2025-01-02 05:00:00,12.5,81,0.0,,266,7.4,,1019.7,,5,5
2025-01-02 06:00:00,12.6,81,0.0,,250,7.6,,1020.8,,4,5
2025-01-02 07:00:00,15.6,68,0.0,,282,7.4,,1018.8,,4,5
2025-01-02 08:00:00,17.0,63,0.0,,289,9.3,,1017.8,,4,5
2025-01-02 09:00:00,15.6,69,0.0,,250,7.6,,1017.9,,3,5
2025-01-02 10:00:00,15.5,71,0.0,,248,7.4,,1017.5,,3,5
2025-01-02 11:00:00,15.4,73,0.0,,246,7.4,,1017.1,,4,5
2025-01-02 12:00:00,13.8,80,0.0,,0,0.0,,1017.3,,2,5
2025-01-02 13:00:00,14.2,81,0.0,,243,5.5,,1017.3,,4,5
2025-01-02 14:00:00,13.1,87,0.0,,242,1.8,,1017.9,,3,5
2025-01-02 15:00:00,10.8,92,0.0,,0,0.0,,1018.9,,3,5
2025-01-02 16:00:00,10.5,94,0.0,,243,0.0,,1018.9,,3,5
2025-01-02 17:00:00,10.2,95,0.0,,227,0.0,,1019.0,,3,5
2025-01-02 18:00:00,9.6,100,0.0,,0,0.0,,1019.0,,3,5
2025-01-02 19:00:00,9.5,98,0.0,,264,0.0,,1018.8,,3,5
2025-01-02 20:00:00,9.1,100,0.0,,266,0.0,,1018.6,,3,5
2025-01-02 21:00:00,9.6,100,0.0,,0,0.0,,1018.2,,3,5
2025-01-02 22:00:00,8.7,100,0.0,,270,0.0,,1018.2,,3,5
2025-01-02 23:00:00,8.7,100,0.0,,256,0.0,,1018.1,,3,5
2025-01-03 00:00:00,9.6,100,0.0,,0,0.0,,1018.4,,3,5
2025-01-03 01:00:00,8.6,100,0.0,,236,1.8,,1018.7,,4,5
2025-01-03 02:00:00,8.7,100,0.0,,222,1.8,,1019.3,,4,5
2025-01-03 03:00:00,9.8,100,0.0,,0,0.0,,1020.2,,4,5
2025-01-03 04:00:00,11.6,91,0.0,,235,1.8,,1020.1,,7,5
2025-01-03 05:00:00,13.5,81,0.0,,235,1.8,,1020.1,,5,5
2025-01-03 06:00:00,12.6,93,0.0,,0,0.0,,1020.6,,4,5
2025-01-03 07:00:00,16.9,66,0.0,,259,3.7,,1018.8,,4,5
2025-01-03 08:00:00,18.5,59,0.0,,268,3.7,,1017.7,,4,5
2025-01-03 09:00:00,20.0,61,0.0,,273,3.6,,1017.1,,2,5
2025-01-03 10:00:00,19.2,65,0.0,,216,3.7,,1016.6,,2,5
2025-01-03 11:00:00,18.5,69,0.0,,216,1.8,,1016.1,,2,5
2025-01-03 12:00:00,17.8,74,0.0,,0,0.0,,1016.4,,3,5
2025-01-03 13:00:00,15.9,80,0.0,,213,1.8,,1016.2,,2,5
2025-01-03 14:00:00,14.0,88,0.0,,203,1.8,,1016.7,,2,5
2025-01-03 15:00:00,11.6,92,0.0,,0,0.0,,1017.3,,2,5
2025-01-03 16:00:00,11.2,94,0.0,,253,0.0,,1017.3,,0,5
2025-01-03 17:00:00,10.8,95,0.0,,244,0.0,,1017.4,,0,5
2025-01-03 18:00:00,9.2,100,0.0,,0,0.0,,1017.1,,1,5
2025-01-03 19:00:00,9.9,99,0.0,,239,0.0,,1017.2,,1,5
2025-01-03 20:00:00,9.5,100,0.0,,243,0.0,,1017.0,,1,5
2025-01-03 21:00:00,10.0,100,0.0,,0,0.0,,1016.3,,1,5
2025-01-03 22:00:00,9.5,100,0.0,,324,0.0,,1016.2,,7,5
2025-01-03 23:00:00,9.0,100,0.0,,330,0.0,,1016.2,,7,5
2025-01-04 00:00:00,10.2,100,0.0,,0,0.0,,1016.1,,6,5
2025-01-04 01:00:00,8.8,100,0.0,,116,1.8,,1016.6,,6,5
2025-01-04 02:00:00,9.1,100,0.0,,115,1.8,,1017.0,,5,5
2025-01-04 03:00:00,11.0,100,0.0,,0,0.0,,1017.9,,5,5
2025-01-04 04:00:00,12.4,93,0.0,,110,1.8,,1018.0,,7,5
2025-01-04 05:00:00,13.7,87,0.0,,110,1.8,,1018.1,,5,5
2025-01-04 06:00:00,13.6,91,0.0,,110,3.6,,1018.3,,4,5
2025-01-04 07:00:00,17.1,72,0.0,,114,3.7,,1016.9,,3,5
2025-01-04 08:00:00,19.1,64,0.0,,119,3.7,,1015.7,,3,5
2025-01-04 09:00:00,19.2,70,0.0,,0,0.0,,1015.0,,2,5
2025-01-04 10:00:00,18.6,73,0.0,,138,1.8,,1014.5,,2,5
2025-01-04 11:00:00,18.1,76,0.0,,138,1.8,,1014.0,,2,5
2025-01-04 12:00:00,16.8,86,0.0,,0,0.0,,1014.2,,2,5
2025-01-04 13:00:00,16.1,85,0.0,,134,3.7,,1014.2,,2,5
2025-01-04 14:00:00,14.7,90,0.0,,126,1.8,,1014.9,,2,5
2025-01-04 15:00:00,12.0,95,0.0,,105,3.6,,1016.4,,2,5
2025-01-04 16:00:00,11.8,96,0.0,,133,3.7,,1016.5,,7,5
2025-01-04 17:00:00,11.7,96,0.0,,133,1.8,,1016.6,,7,5
2025-01-04 18:00:00,11.2,97,0.0,,90,5.4,,1016.6,,6,5
2025-01-04 19:00:00,11.1,98,0.0,,135,1.8,,1016.5,,6,5
2025-01-04 20:00:00,10.7,99,0.0,,138,1.8,,1016.3,,6,5
2025-01-04 21:00:00,10.4,100,0.0,,142,3.6,,1016.4,,6,5
2025-01-04 22:00:00,10.4,100,0.0,,144,3.7,,1016.2,,8,5
2025-01-04 23:00:00,10.5,99,0.0,,144,3.7,,1016.0,,8,5
2025-01-05 00:00:00,10.0,100,0.0,,144,3.6,,1016.2,,8,5
2025-01-05 01:00:00,10.7,98,0.0,,131,3.7,,1016.2,,7,5
2025-01-05 02:00:00,10.9,97,0.0,,123,3.7,,1016.7,,7,5
2025-01-05 03:00:00,10.2,95,0.0,,90,5.4,,1017.5,,7,5
2025-01-05 04:00:00,11.4,92,0.0,,98,5.5,,1017.7,,7,5
2025-01-05 05:00:00,12.7,89,0.0,,106,7.4,,1018.0,,6,5
2025-01-05 06:00:00,13.0,79,0.0,,90,7.6,,1017.9,,4,5
2025-01-05 07:00:00,15.3,82,0.0,,110,7.4,,1017.1,,4,5
2025-01-05 08:00:00,16.7,77,0.0,,108,7.4,,1015.9,,3,5
2025-01-05 09:00:00,17.2,68,0.0,,0,0.0,,1015.1,,3,5
2025-01-05 10:00:00,17.6,77,0.0,,108,7.4,,1014.5,,3,5
2025-01-05 11:00:00,17.0,83,0.0,,111,5.5,,1014.2,,3,5
2025-01-05 12:00:00,15.4,83,0.0,,110,3.6,,1014.5,,3,5
2025-01-05 13:00:00,15.7,90,0.0,,109,3.7,,1014.6,,3,5
2025-01-05 14:00:00,14.9,93,0.0,,100,1.8,,1015.3,,3,5
2025-01-05 15:00:00,12.2,93,0.0,,0,0.0,,1016.3,,3,5
2025-01-05 16:00:00,13.7,95,0.0,,84,1.8,,1016.2,,3,5
2025-01-05 17:00:00,13.4,94,0.0,,79,1.8,,1016.6,,3,5
2025-01-05 18:00:00,11.0,97,0.0,,0,0.0,,1017.2,,3,5
2025-01-05 19:00:00,12.6,94,0.0,,77,1.8,,1016.7,,4,5
2025-01-05 20:00:00,12.3,94,0.0,,85,1.8,,1016.4,,4,5
2025-01-05 21:00:00,10.0,100,0.0,,0,0.0,,1016.0,,4,5
2025-01-05 22:00:00,10.1,100,0.0,,57,0.0,,1016.0,,8,5
2025-01-05 23:00:00,10.3,99,0.0,,14,1.8,,1015.9,,7,5
2025-01-06 00:00:00,11.4,100,0.0,,14,3.6,,1015.8,,7,5
2025-01-06 01:00:00,10.5,100,2.2,,4,1.8,,1016.5,,7,5
2025-01-06 02:00:00,10.7,100,4.5,,342,1.8,,1017.0,,7,5
2025-01-06 03:00:00,12.8,88,10.7,,0,0.0,,1018.4,,6,5
2025-01-06 04:00:00,13.3,87,1.4,,167,1.8,,1018.5,,5,5
2025-01-06 05:00:00,13.9,84,0.2,,167,1.8,,1018.6,,5,5
2025-01-06 06:00:00,15.2,79,0.0,,250,3.6,,1018.9,,5,5
2025-01-06 07:00:00,15.3,78,0.0,,316,3.7,,1017.9,,4,5
2025-01-06 08:00:00,16.3,74,0.0,,323,5.5,,1017.0,,4,5
2025-01-06 09:00:00,16.4,75,0.0,,270,7.6,,1016.6,,4,5
2025-01-06 10:00:00,16.1,76,0.0,,272,7.4,,1016.4,,4,5
2025-01-06 11:00:00,15.9,77,0.0,,276,7.4,,1016.1,,3,5
2025-01-06 12:00:00,13.8,87,0.0,,270,5.4,,1016.4,,2,5
2025-01-06 13:00:00,14.7,83,0.0,,283,5.5,,1016.5,,2,5
2025-01-06 14:00:00,13.8,87,0.0,,288,5.5,,1017.2,,2,5
2025-01-06 15:00:00,12.6,88,0.0,,270,5.4,,1017.9,,3,5
2025-01-06 16:00:00,12.4,89,0.0,,272,5.5,,1018.1,,3,5
2025-01-06 17:00:00,12.2,91,0.0,,273,5.5,,1018.3,,3,5
2025-01-06 18:00:00,12.4,91,0.0,,290,5.4,,1017.9,,3,5
2025-01-06 19:00:00,11.7,92,0.0,,272,5.5,,1018.3,,3,5
2025-01-06 20:00:00,11.4,92,0.0,,270,7.4,,1018.1,,3,5
2025-01-06 21:00:00,11.8,95,0.0,,270,7.6,,1018.0,,3,5
2025-01-06 22:00:00,11.4,96,0.0,,269,7.4,,1017.8,,3,5
2025-01-06 23:00:00,11.0,97,0.0,,268,9.3,,1017.6,,3,5
2025-01-07 00:00:00,11.6,97,0.0,,270,5.4,,1018.0,,3,5
2025-01-07 01:00:00,10.8,96,0.0,,266,9.3,,1017.9,,3,5
2025-01-07 02:00:00,11.0,94,0.0,,264,11.1,,1018.5,,4,5
2025-01-07 03:00:00,11.8,92,0.0,,263,3.6,,1019.9,,2,5
2025-01-07 04:00:00,12.5,89,0.0,,286,5.5,,1019.9,,2,5
2025-01-07 05:00:00,13.3,84,0.0,,286,9.3,,1019.9,,2,5
2025-01-07 06:00:00,13.2,88,0.0,,286,3.6,,1020.1,,1,5
2025-01-07 07:00:00,15.0,75,0.0,,286,11.1,,1018.8,,1,5
2025-01-07 08:00:00,16.0,69,0.0,,285,11.1,,1017.6,,1,5
2025-01-07 09:00:00,15.0,76,0.0,,270,7.6,,1017.1,,1,5
2025-01-07 10:00:00,14.9,77,0.0,,269,7.4,,1016.7,,7,5
2025-01-07 11:00:00,14.8,78,0.0,,269,7.4,,1016.3,,6,5
2025-01-07 12:00:00,14.2,87,0.0,,0,0.0,,1016.3,,2,5
2025-01-07 13:00:00,13.9,82,0.0,,267,7.4,,1016.3,,4,5
2025-01-07 14:00:00,13.2,85,0.0,,267,7.4,,1016.7,,3,5
2025-01-07 15:00:00,10.4,100,0.0,,0,0.0,,1017.7,,2,5
2025-01-07 16:00:00,10.6,98,0.0,,269,0.0,,1017.6,,7,5
2025-01-07 17:00:00,10.8,97,0.0,,264,1.8,,1017.5,,7,5
2025-01-07 18:00:00,9.0,100,0.0,,0,0.0,,1017.2,,6,5
2025-01-07 19:00:00,10.5,97,0.0,,268,1.8,,1017.0,,6,5
2025-01-07 20:00:00,10.1,98,0.0,,271,3.7,,1016.6,,5,5
2025-01-07 21:00:00,8.8,100,0.0,,0,0.0,,1015.4,,5,5
2025-01-07 22:00:00,9.4,100,0.0,,265,3.7,,1016.1,,5,5
2025-01-07 23:00:00,9.2,99,0.0,,264,3.7,,1015.6,,5,5
2025-01-08 00:00:00,8.8,100,0.0,,263,3.6,,1015.1,,5,5
2025-01-08 01:00:00,9.2,96,0.0,,257,7.4,,1015.7,,4,5
2025-01-08 02:00:00,9.3,95,0.0,,252,7.4,,1016.1,,4,5
2025-01-08 03:00:00,8.4,100,0.0,,250,5.4,,1016.9,,3,5
2025-01-08 04:00:00,11.2,85,0.0,,258,11.1,,1016.9,,3,5
2025-01-08 05:00:00,12.9,77,0.0,,264,11.1,,1017.1,,2,5
2025-01-08 06:00:00,16.4,58,0.0,,250,9.4,,1016.9,,1,5
2025-01-08 07:00:00,15.8,64,0.0,,272,13.0,,1016.5,,2,5
2025-01-08 08:00:00,16.9,61,0.0,,275,13.0,,1015.6,,2,5
2025-01-08 09:00:00,20.8,65,0.0,,290,7.6,,1014.5,,2,5
2025-01-08 10:00:00,19.7,66,0.0,,288,7.4,,1014.5,,0,1
2025-01-08 11:00:00,18.6,68,0.0,,285,5.5,,1014.4,,0,1
2025-01-08 12:00:00,18.4,81,0.0,,0,0.0,,1014.5,,0,1
2025-01-08 13:00:00,15.6,77,0.0,,275,3.7,,1015.1,,0,1
2025-01-08 14:00:00,13.7,85,0.0,,254,1.8,,1015.8,,0,5
2025-01-08 15:00:00,11.4,100,0.0,,0,0.0,,1016.3,,0,5
2025-01-08 16:00:00,11.0,100,0.0,,204,0.0,,1016.6,,0,1
2025-01-08 17:00:00,10.6,100,0.0,,227,0.0,,1017.0,,0,1
2025-01-08 18:00:00,8.8,100,0.0,,0,0.0,,1017.2,,0,1
2025-01-08 19:00:00,9.8,100,0.0,,163,0.0,,1017.2,,1,5
2025-01-08 20:00:00,9.4,100,0.0,,242,0.0,,1017.1,,1,5
2025-01-08 21:00:00,7.4,97,0.0,,0,0.0,,1017.2,,1,5
2025-01-08 22:00:00,7.2,98,0.0,,240,0.0,,1017.2,,0,5
2025-01-08 23:00:00,7.0,99,0.0,,202,0.0,,1017.2,,1,5
2025-01-09 00:00:00,6.4,100,0.0,,0,0.0,,1017.1,,1,5
2025-01-09 01:00:00,6.8,100,0.0,,161,1.8,,1018.0,,1,5
2025-01-09 02:00:00,6.9,100,0.0,,135,1.8,,1018.7,,2,5
2025-01-09 03:00:00,6.4,100,0.0,,0,0.0,,1019.4,,2,5
2025-01-09 04:00:00,9.5,86,0.0,,133,1.8,,1019.5,,0,5
2025-01-09 05:00:00,12.5,75,0.0,,133,1.8,,1019.6,,0,5
2025-01-09 06:00:00,19.0,54,0.0,,0,0.0,,1019.7,,2,5
2025-01-09 07:00:00,16.9,61,0.0,,128,3.7,,1018.9,,1,5
2025-01-09 08:00:00,18.2,58,0.0,,122,3.7,,1018.0,,1,5
2025-01-09 09:00:00,20.0,78,0.0,,50,3.6,,1017.4,,3,5
2025-01-09 10:00:00,19.3,79,0.0,,45,3.7,,1017.2,,3,5
2025-01-09 11:00:00,18.5,80,0.0,,34,3.7,,1017.1,,2,5
2025-01-09 12:00:00,17.0,87,0.0,,0,0.0,,1017.3,,2,5
2025-01-09 13:00:00,15.8,87,0.0,,3,1.8,,1017.7,,2,5
2025-01-09 14:00:00,13.7,93,0.0,,46,1.8,,1018.5,,2,5
2025-01-09 15:00:00,10.6,97,0.0,,0,0.0,,1019.7,,1,5
2025-01-09 16:00:00,10.2,99,0.0,,250,0.0,,1022.2,,0,5
2025-01-09 17:00:00,9.8,100,0.0,,295,0.0,,1021.7,,0,5
2025-01-09 18:00:00,9.6,97,0.0,,0,0.0,,1020.4,,0,5
2025-01-09 19:00:00,9.1,100,0.0,,303,0.0,,1020.9,,0,5
2025-01-09 20:00:00,8.7,100,0.0,,281,0.0,,1020.6,,1,5
2025-01-09 21:00:00,8.3,100,0.0,,262,0.0,,1020.3,,1,5
2025-01-09 22:00:00,8.1,100,0.0,,266,0.0,,1019.9,,1,5
2025-01-09 23:00:00,7.8,100,0.0,,233,0.0,,1020.0,,1,5
2025-01-10 00:00:00,9.6,100,0.0,,0,0.0,,1020.1,,2,5
2025-01-10 01:00:00,7.6,100,0.0,,160,1.8,,1020.8,,2,5
2025-01-10 02:00:00,7.6,100,0.0,,128,1.8,,1021.5,,2,5
2025-01-10 03:00:00,10.6,100,0.0,,140,3.6,,1022.3,,3,5
2025-01-10 04:00:00,12.4,89,0.0,,131,3.7,,1022.3,,6,5
2025-01-10 05:00:00,14.1,81,0.0,,124,3.7,,1022.3,,4,5
2025-01-10 06:00:00,13.4,88,0.0,,110,3.6,,1022.8,,2,5
2025-01-10 07:00:00,16.9,70,0.0,,110,5.5,,1021.2,,2,5
2025-01-10 08:00:00,17.9,67,0.0,,102,5.5,,1020.1,,2,5
2025-01-10 09:00:00,16.8,74,0.0,,94,3.6,,1019.6,,1,5
2025-01-10 10:00:00,16.5,77,0.0,,129,3.7,,1019.1,,0,5
2025-01-10 11:00:00,16.2,81,0.0,,129,3.7,,1018.7,,1,5
2025-01-10 12:00:00,14.4,91,0.0,,129,3.6,,1018.3,,1,5
2025-01-10 13:00:00,14.5,89,0.0,,127,3.7,,1018.6,,1,5
2025-01-10 14:00:00,13.0,94,0.0,,125,1.8,,1019.1,,1,5
2025-01-10 15:00:00,10.8,95,0.0,,0,0.0,,1019.3,,3,5
2025-01-10 16:00:00,11.3,99,0.0,,126,1.8,,1019.7,,1,5
2025-01-10 17:00:00,11.1,99,0.0,,129,1.8,,1019.9,,1,5
2025-01-10 18:00:00,8.8,100,0.0,,0,0.0,,1019.3,,2,5
2025-01-10 19:00:00,10.4,99,0.0,,132,1.8,,1020.0,,2,5
2025-01-10 20:00:00,10.1,98,0.0,,133,1.8,,1019.8,,2,5
2025-01-10 21:00:00,10.8,100,0.0,,0,0.0,,1019.1,,2,5
2025-01-10 22:00:00,10.1,100,0.0,,89,1.8,,1019.1,,7,5
2025-01-10 23:00:00,9.3,100,0.0,,89,1.8,,1019.1,,7,5
2025-01-11 00:00:00,11.0,100,0.0,,0,0.0,,1019.0,,6,5
2025-01-11 01:00:00,9.0,100,0.0,,88,3.7,,1019.5,,6,5
2025-01-11 02:00:00,9.4,100,0.0,,88,3.7,,1019.9,,7,5
2025-01-11 03:00:00,10.6,100,0.0,,90,5.4,,1020.5,,7,5
2025-01-11 04:00:00,12.0,93,0.0,,95,5.5,,1020.6,,8,5
2025-01-11 05:00:00,13.3,88,0.0,,101,5.5,,1020.7,,7,5
2025-01-11 06:00:00,13.8,87,0.0,,110,5.4,,1020.8,,4,5
2025-01-11 07:00:00,15.1,81,0.0,,98,5.5,,1019.6,,8,5
2025-01-11 08:00:00,15.4,81,0.0,,83,5.5,,1018.5,,8,7
2025-01-11 09:00:00,16.6,77,0.0,,65,3.6,,1017.3,,7,7
2025-01-11 10:00:00,16.0,81,0.0,,39,5.5,,1016.9,,7,8
2025-01-11 11:00:00,15.4,86,0.5,,39,5.5,,1016.6,,7,18
2025-01-11 12:00:00,13.4,100,1.7,,250,5.4,,1017.3,,8,25
2025-01-11 13:00:00,14.1,93,0.3,,44,5.5,,1016.7,,8,7
2025-01-11 14:00:00,13.5,94,1.5,,51,5.5,,1017.2,,8,7
2025-01-11 15:00:00,12.2,100,1.9,,63,3.6,,1017.3,,8,7
2025-01-11 16:00:00,12.1,100,0.5,,113,3.7,,1017.6,,8,7
2025-01-11 17:00:00,12.1,99,0.0,,113,1.8,,1017.8,,8,7
2025-01-11 18:00:00,10.2,100,0.0,,0,0.0,,1018.8,,4,5
2025-01-11 19:00:00,11.7,100,0.0,,111,1.8,,1018.0,,7,5
2025-01-11 20:00:00,11.5,100,0.4,,108,1.8,,1018.0,,7,5
2025-01-11 21:00:00,10.0,100,0.1,,0,0.0,,1018.8,,4,5
2025-01-11 22:00:00,10.0,100,0.0,,5,0.0,,1018.6,,4,5
2025-01-11 23:00:00,10.1,100,0.0,,344,1.8,,1018.3,,5,5
2025-01-12 00:00:00,9.8,100,0.0,,0,0.0,,1018.3,,5,5
2025-01-12 01:00:00,10.4,100,0.0,,354,1.8,,1018.7,,5,5
2025-01-12 02:00:00,10.6,100,0.0,,20,1.8,,1019.4,,5,5
2025-01-12 03:00:00,11.2,100,0.0,,0,0.0,,1020.6,,6,5
2025-01-12 04:00:00,12.2,97,0.0,,128,1.8,,1020.8,,6,5
2025-01-12 05:00:00,13.3,92,0.0,,128,1.8,,1020.9,,5,5
2025-01-12 06:00:00,14.6,93,0.0,,0,0.0,,1021.6,,6,5
2025-01-12 07:00:00,15.2,85,0.0,,124,3.7,,1020.1,,5,5
2025-01-12 08:00:00,16.0,80,0.0,,115,3.7,,1019.1,,5,5
2025-01-12 09:00:00,16.6,77,0.0,,270,5.4,,1017.0,,5,5
2025-01-12 10:00:00,16.2,80,0.0,,274,5.5,,1017.3,,5,5
2025-01-12 11:00:00,15.8,83,0.0,,280,5.5,,1017.5,,5,5
2025-01-12 12:00:00,15.6,87,0.0,,270,5.4,,1019.1,,5,5
2025-01-12 13:00:00,14.5,90,0.0,,293,3.7,,1018.4,,4,5
2025-01-12 14:00:00,13.6,94,0.0,,298,3.7,,1019.1,,4,5
2025-01-12 15:00:00,13.0,96,0.0,,0,0.0,,1020.3,,5,5
2025-01-12 16:00:00,12.6,97,0.0,,298,0.0,,1020.4,,5,5
2025-01-12 17:00:00,12.3,97,0.0,,290,0.0,,1020.5,,5,5
2025-01-12 18:00:00,11.0,100,0.0,,0,0.0,,1020.3,,5,5
2025-01-12 19:00:00,11.6,98,0.0,,277,1.8,,1020.4,,5,5
2025-01-12 20:00:00,11.3,99,0.0,,269,1.8,,1020.2,,5,5
2025-01-12 21:00:00,12.0,100,0.0,,270,5.4,,1019.4,,5,5
2025-01-12 22:00:00,11.4,100,0.0,,270,5.5,,1019.3,,7,5
2025-01-12 23:00:00,10.7,100,0.0,,269,5.5,,1019.3,,7,5
2025-01-13 00:00:00,10.4,100,0.0,,250,7.6,,1019.2,,6,5
2025-01-13 01:00:00,10.2,100,0.0,,266,5.5,,1019.7,,6,5
2025-01-13 02:00:00,10.2,100,0.0,,263,5.5,,1020.1,,5,5
2025-01-13 03:00:00,11.0,99,0.0,,270,5.4,,1020.5,,3,5
2025-01-13 04:00:00,11.4,97,0.0,,268,5.5,,1020.6,,4,5
2025-01-13 05:00:00,12.6,92,0.0,,275,7.4,,1020.6,,3,5
2025-01-13 06:00:00,14.0,82,0.0,,270,7.6,,1020.7,,2,5
2025-01-13 07:00:00,15.0,80,0.0,,281,9.3,,1019.5,,2,5
2025-01-13 08:00:00,16.2,73,0.0,,281,9.3,,1018.5,,2,5
2025-01-13 09:00:00,18.0,67,0.0,,250,7.6,,1016.9,,2,5
2025-01-13 10:00:00,17.4,70,0.0,,254,7.4,,1016.8,,0,1
2025-01-13 11:00:00,16.9,73,0.0,,260,7.4,,1016.7,,0,1
2025-01-13 12:00:00,16.2,81,0.0,,250,5.4,,1016.6,,0,1
2025-01-13 13:00:00,15.3,81,0.0,,267,5.5,,1017.2,,0,1
2025-01-13 14:00:00,14.3,86,0.0,,268,5.5,,1017.7,,0,5
2025-01-13 15:00:00,14.0,91,0.0,,250,9.4,,1018.3,,0,5
2025-01-13 16:00:00,13.4,92,0.0,,254,9.3,,1018.4,,0,5
2025-01-13 17:00:00,12.8,94,0.0,,258,7.4,,1018.4,,0,5
2025-01-13 18:00:00,11.4,100,0.0,,0,0.0,,1017.9,,1,5
2025-01-13 19:00:00,11.9,96,0.0,,264,7.4,,1018.2,,1,5
2025-01-13 20:00:00,11.5,96,0.0,,266,7.4,,1017.9,,1,5
2025-01-13 21:00:00,10.6,100,0.0,,267,3.6,,1017.3,,2,5
2025-01-13 22:00:00,10.2,100,0.0,,262,3.7,,1017.3,,0,5
2025-01-13 23:00:00,9.8,100,0.0,,262,3.7,,1017.4,,1,5
2025-01-14 00:00:00,9.8,100,0.0,,250,5.4,,1017.7,,1,5
2025-01-14 01:00:00,9.5,100,0.0,,253,5.5,,1018.3,,1,5
2025-01-14 02:00:00,9.5,100,0.0,,245,5.5,,1019.1,,1,5
2025-01-14 03:00:00,10.0,100,0.0,,250,5.4,,1020.3,,1,5
2025-01-14 04:00:00,11.7,91,0.0,,253,5.5,,1020.4,,6,5
2025-01-14 05:00:00,13.4,84,0.0,,256,5.5,,1020.6,,4,5
2025-01-14 06:00:00,15.0,83,0.0,,270,7.6,,1021.1,,2,5
2025-01-14 07:00:00,16.2,71,0.0,,269,5.5,,1019.9,,1,5
2025-01-14 08:00:00,17.3,65,0.0,,280,5.5,,1019.0,,1,5
2025-01-14 09:00:00,20.2,59,0.0,,270,5.4,,1018.2,,1,5
2025-01-14 10:00:00,19.2,64,0.0,,274,5.5,,1018.1,,0,1
2025-01-14 11:00:00,18.3,68,0.0,,280,5.5,,1018.1,,0,1
2025-01-14 12:00:00,18.0,82,0.0,,288,3.6,,1018.2,,1,1
2025-01-14 13:00:00,15.8,79,0.0,,289,3.7,,1018.7,,1,1
2025-01-14 14:00:00,14.3,86,0.0,,291,1.8,,1019.3,,1,5
2025-01-14 15:00:00,11.6,95,0.0,,0,0.0,,1020.1,,1,5
2025-01-14 16:00:00,11.3,96,0.0,,187,0.0,,1020.4,,0,5
2025-01-14 17:00:00,11.0,97,0.0,,200,0.0,,1020.6,,0,5
2025-01-14 18:00:00,10.0,100,0.0,,0,0.0,,1019.6,,0,5
2025-01-14 19:00:00,10.3,100,0.0,,204,0.0,,1020.7,,1,5
2025-01-14 20:00:00,9.9,100,0.0,,225,0.0,,1020.6,,1,5
2025-01-14 21:00:00,8.6,100,0.0,,0,0.0,,1020.4,,1,5
2025-01-14 22:00:00,8.6,99,0.0,,292,0.0,,1020.5,,8,5
2025-01-14 23:00:00,8.5,99,0.0,,292,0.0,,1020.6,,7,5
2025-01-15 00:00:00,7.0,100,0.0,,0,0.0,,1021.3,,7,5
2025-01-15 01:00:00,8.7,99,0.0,,72,1.8,,1021.2,,6,5
2025-01-15 02:00:00,8.9,99,0.0,,82,1.8,,1021.7,,6,5
2025-01-15 03:00:00,9.0,97,0.0,,0,0.0,,1023.0,,6,5
2025-01-15 04:00:00,10.8,92,0.0,,103,1.8,,1023.0,,7,5
2025-01-15 05:00:00,12.7,86,0.0,,103,1.8,,1023.0,,6,5
2025-01-15 06:00:00,12.2,95,0.0,,103,3.6,,1022.7,,5,5
2025-01-15 07:00:00,15.7,76,0.0,,86,3.7,,1021.7,,4,5
2025-01-15 08:00:00,16.9,71,0.0,,70,3.7,,1020.4,,4,5
2025-01-15 09:00:00,16.6,77,0.0,,0,0.0,,1018.9,,3,5
2025-01-15 10:00:00,16.3,80,0.0,,273,1.8,,1018.6,,8,5
2025-01-15 11:00:00,16.1,84,0.0,,273,3.7,,1018.2,,7,5
2025-01-15 12:00:00,15.0,85,0.0,,0,0.0,,1018.7,,3,5
2025-01-15 13:00:00,15.1,89,0.0,,284,3.7,,1018.3,,7,5
2025-01-15 14:00:00,14.5,91,0.4,,295,3.7,,1018.7,,7,7
2025-01-15 15:00:00,13.4,91,0.8,,110,3.6,,1019.2,,6,8
2025-01-15 16:00:00,13.5,94,2.8,,289,1.8,,1019.1,,7,7
2025-01-15 17:00:00,13.2,96,2.1,,236,1.8,,1019.2,,7,8
2025-01-15 18:00:00,12.8,93,0.0,,70,3.6,,1019.7,,6,8
2025-01-15 19:00:00,12.8,95,0.0,,76,1.8,,1019.1,,7,8
2025-01-15 20:00:00,12.7,94,0.0,,27,1.8,,1019.0,,7,8
2025-01-15 21:00:00,12.2,100,0.2,,50,3.6,,1019.4,,6,5
2025-01-15 22:00:00,12.2,100,0.0,,54,3.7,,1019.3,,7,7
2025-01-15 23:00:00,12.2,100,0.0,,61,3.7,,1019.2,,7,5
2025-01-16 00:00:00,11.2,100,0.0,,0,0.0,,1019.7,,7,5
2025-01-16 01:00:00,12.2,100,0.1,,71,3.7,,1019.7,,8,5
2025-01-16 02:00:00,12.1,100,0.0,,70,1.8,,1020.4,,7,5
2025-01-16 03:00:00,11.8,100,0.0,,69,3.6,,1021.3,,6,5
2025-01-16 04:00:00,12.8,93,0.2,,113,1.8,,1021.5,,6,25
2025-01-16 05:00:00,13.9,87,0.0,,127,3.7,,1021.9,,5,5
2025-01-16 06:00:00,13.8,97,0.0,,0,0.0,,1022.8,,6,5
2025-01-16 07:00:00,15.9,77,0.0,,128,5.5,,1021.4,,5,5
2025-01-16 08:00:00,16.8,73,0.0,,95,5.5,,1020.6,,5,5
2025-01-16 09:00:00,18.6,61,0.0,,0,0.0,,1020.2,,2,5
2025-01-16 10:00:00,17.9,66,0.0,,314,1.8,,1020.1,,2,5
2025-01-16 11:00:00,17.2,72,0.0,,314,3.7,,1020.0,,2,5
2025-01-16 12:00:00,17.6,74,0.0,,0,0.0,,1020.6,,2,5
2025-01-16 13:00:00,15.3,84,0.0,,315,3.7,,1020.8,,2,5
2025-01-16 14:00:00,14.1,90,0.0,,317,1.8,,1021.7,,2,5
2025-01-16 15:00:00,12.0,95,0.0,,0,0.0,,1023.0,,2,5
2025-01-16 16:00:00,11.8,96,0.0,,303,0.0,,1023.2,,0,5
2025-01-16 17:00:00,11.7,96,0.0,,291,0.0,,1023.3,,0,5
2025-01-16 18:00:00,10.6,100,0.0,,0,0.0,,1023.5,,1,5
2025-01-16 19:00:00,11.1,98,0.0,,302,1.8,,1023.2,,1,5
2025-01-16 20:00:00,10.7,99,0.0,,307,1.8,,1022.9,,1,5
2025-01-16 21:00:00,9.6,100,0.0,,0,0.0,,1022.5,,1,5
2025-01-16 22:00:00,9.5,100,0.0,,259,1.8,,1022.2,,1,5
2025-01-16 23:00:00,9.4,99,0.0,,259,1.8,,1021.9,,1,5
2025-01-17 00:00:00,10.2,100,0.0,,0,0.0,,1021.3,,2,5
2025-01-17 01:00:00,9.3,99,0.0,,260,3.7,,1022.0,,2,5
2025-01-17 02:00:00,9.3,100,0.0,,260,5.5,,1022.4,,2,5
2025-01-17 03:00:00,11.0,97,0.0,,0,0.0,,1022.6,,1,5
2025-01-17 04:00:00,12.3,91,0.0,,292,1.8,,1022.5,,6,5
2025-01-17 05:00:00,13.6,85,0.0,,292,3.7,,1022.4,,4,5
2025-01-17 06:00:00,14.6,76,0.0,,270,7.6,,1022.5,,2,5
2025-01-17 07:00:00,16.1,71,0.0,,290,7.4,,1021.0,,2,5
2025-01-17 08:00:00,17.2,65,0.0,,289,7.4,,1019.8,,1,5
2025-01-17 09:00:00,17.2,66,0.0,,270,11.2,,1019.0,,1,5
2025-01-17 10:00:00,16.9,69,0.0,,271,9.3,,1018.6,,0,5
2025-01-17 11:00:00,16.7,70,0.0,,273,9.3,,1018.2,,0,5
2025-01-17 12:00:00,15.2,85,0.0,,270,5.4,,1018.3,,1,5
2025-01-17 13:00:00,15.1,78,0.0,,274,5.5,,1018.3,,1,5
2025-01-17 14:00:00,13.7,85,0.0,,273,3.7,,1018.8,,0,5
2025-01-17 15:00:00,11.4,95,0.0,,270,3.6,,1019.6,,0,5
2025-01-17 16:00:00,11.1,96,0.0,,269,3.7,,1019.8,,0,5
2025-01-17 17:00:00,10.9,96,0.0,,267,3.7,,1019.9,,0,5
2025-01-17 18:00:00,11.8,95,0.0,,265,3.6,,1020.1,,0,5
2025-01-17 19:00:00,10.2,97,0.0,,264,3.7,,1019.8,,1,5
2025-01-17 20:00:00,9.8,98,0.0,,262,3.7,,1019.6,,1,5
2025-01-17 21:00:00,11.6,97,0.0,,0,0.0,,1019.3,,1,5
2025-01-17 22:00:00,11.0,99,0.0,,259,1.8,,1026.3,,8,5
2025-01-17 23:00:00,10.5,100,0.0,,259,1.8,,1023.8,,8,5
2025-01-18 00:00:00,11.2,97,0.0,,250,5.4,,1018.9,,2,5
2025-01-18 01:00:00,10.0,100,0.0,,259,3.7,,1021.5,,8,5
2025-01-18 02:00:00,10.0,100,0.0,,258,3.7,,1021.7,,8,5
2025-01-18 03:00:00,11.2,92,0.0,,250,5.4,,1021.4,,3,5
2025-01-18 04:00:00,11.2,93,0.0,,270,5.5,,1022.0,,7,5
2025-01-18 05:00:00,12.5,85,0.0,,280,5.5,,1022.1,,7,5
2025-01-18 06:00:00,16.0,67,0.0,,0,0.0,,1020.6,,1,5
2025-01-18 07:00:00,15.2,72,0.0,,289,5.5,,1020.8,,6,5
2025-01-18 08:00:00,16.6,66,0.0,,292,5.5,,1019.5,,6,5
2025-01-18 09:00:00,19.8,57,0.0,,0,0.0,,1017.1,,5,5
2025-01-18 10:00:00,17.5,65,0.0,,293,5.5,,1017.6,,5,5
2025-01-18 11:00:00,17.0,68,0.0,,291,3.7,,1017.1,,5,5
2025-01-18 12:00:00,17.4,76,0.0,,0,0.0,,1016.2,,6,5
2025-01-18 13:00:00,15.2,77,0.0,,287,1.8,,1016.9,,5,5
2025-01-18 14:00:00,13.9,83,0.0,,284,1.8,,1017.3,,5,5
2025-01-18 15:00:00,14.2,91,0.0,,0,0.0,,1016.7,,4,5
2025-01-18 16:00:00,13.4,93,0.0,,206,0.0,,1017.1,,4,5
2025-01-18 17:00:00,12.7,95,0.0,,207,0.0,,1017.6,,4,5
2025-01-18 18:00:00,12.4,93,0.0,,0,0.0,,1018.0,,3,5
2025-01-18 19:00:00,11.5,97,0.0,,233,0.0,,1017.9,,4,5
2025-01-18 20:00:00,11.1,98,0.0,,251,0.0,,1017.8,,4,5
2025-01-18 21:00:00,12.0,97,0.0,,0,0.0,,1017.5,,3,5
2025-01-18 22:00:00,11.3,99,0.0,,244,0.0,,1017.5,,4,5
2025-01-18 23:00:00,10.7,100,0.0,,198,0.0,,1017.4,,4,5
2025-01-19 00:00:00,10.2,100,0.0,,0,0.0,,1017.2,,5,5
2025-01-19 01:00:00,10.2,100,0.0,,8,0.0,,1017.9,,5,5
2025-01-19 02:00:00,10.3,100,0.0,,8,0.0,,1018.4,,4,5
2025-01-19 03:00:00,10.4,100,0.0,,0,0.0,,1019.2,,4,5
2025-01-19 04:00:00,12.7,90,0.0,,289,0.0,,1019.2,,4,5
2025-01-19 05:00:00,15.0,81,0.0,,236,1.8,,1019.3,,3,5
2025-01-19 06:00:00,20.0,64,0.0,,0,0.0,,1019.1,,3,5
2025-01-19 07:00:00,18.7,68,0.0,,314,3.7,,1018.2,,3,5
2025-01-19 08:00:00,20.2,62,0.0,,335,3.7,,1017.0,,3,5
2025-01-19 09:00:00,25.4,48,0.0,,270,5.4,,1015.1,,3,5
2025-01-19 10:00:00,24.2,52,0.0,,270,5.5,,1014.9,,0,5
2025-01-19 11:00:00,22.9,58,0.0,,270,5.5,,1014.6,,1,5
2025-01-19 12:00:00,22.6,71,0.0,,0,0.0,,1015.0,,1,5
2025-01-19 13:00:00,19.9,71,0.0,,268,5.5,,1014.9,,1,5
2025-01-19 14:00:00,18.1,79,0.0,,264,3.7,,1015.4,,1,5
2025-01-19 15:00:00,16.6,90,0.0,,0,0.0,,1015.7,,1,5
2025-01-19 16:00:00,16.0,92,0.0,,264,0.0,,1015.9,,0,5
2025-01-19 17:00:00,15.3,95,0.0,,270,1.8,,1016.1,,0,5
2025-01-19 18:00:00,13.8,96,0.0,,0,0.0,,1016.4,,1,5
2025-01-19 19:00:00,14.3,98,0.0,,268,1.8,,1016.0,,1,5
2025-01-19 20:00:00,13.9,99,0.0,,267,1.8,,1015.8,,1,5
2025-01-19 21:00:00,13.4,97,0.0,,0,0.0,,1015.6,,1,5
2025-01-19 22:00:00,13.0,99,0.0,,257,1.8,,1015.4,,1,5
2025-01-19 23:00:00,12.5,100,0.0,,257,1.8,,1015.2,,1,5
2025-01-20 00:00:00,12.6,97,0.0,,0,0.0,,1015.4,,2,5
2025-01-20 01:00:00,12.3,100,0.0,,252,3.7,,1015.3,,2,5
2025-01-20 02:00:00,12.5,99,0.0,,250,5.5,,1015.7,,2,5
2025-01-20 03:00:00,12.8,91,0.0,,270,5.4,,1017.0,,3,5
2025-01-20 04:00:00,14.9,82,0.0,,273,7.4,,1017.1,,0,5
2025-01-20 05:00:00,16.9,74,0.0,,275,7.4,,1017.2,,1,5
2025-01-20 06:00:00,21.0,48,0.0,,270,9.4,,1017.2,,1,5
2025-01-20 07:00:00,20.2,62,0.0,,279,9.3,,1016.2,,1,5
2025-01-20 08:00:00,21.4,57,0.0,,282,11.1,,1015.0,,1,5
2025-01-20 09:00:00,24.0,53,0.0,,270,9.4,,1014.3,,1,5
2025-01-20 10:00:00,22.2,48,0.0,,284,13.0,,1013.7,,1,1
2025-01-20 11:00:00,21.5,53,0.0,,280,11.1,,1013.3,,1,1
2025-01-20 12:00:00,22.4,65,0.0,,270,5.4,,1013.1,,1,1
2025-01-20 13:00:00,19.4,65,0.0,,275,7.4,,1013.5,,1,1
2025-01-20 14:00:00,18.0,73,0.0,,276,7.4,,1014.1,,1,1
2025-01-20 15:00:00,16.0,90,0.0,,0,0.0,,1014.7,,1,1
2025-01-20 16:00:00,15.6,90,0.0,,271,1.8,,1014.9,,0,5
2025-01-20 17:00:00,15.2,91,0.0,,271,1.8,,1015.1,,0,5
2025-01-20 18:00:00,14.8,91,0.0,,0,0.0,,1014.9,,0,5
2025-01-20 19:00:00,14.3,93,0.0,,270,3.7,,1015.0,,0,5
2025-01-20 20:00:00,13.8,94,0.0,,270,3.7,,1014.7,,0,5
2025-01-20 21:00:00,13.4,96,0.0,,269,3.6,,1014.2,,0,5
2025-01-20 22:00:00,12.9,97,0.0,,266,3.7,,1014.3,,1,5
2025-01-20 23:00:00,12.4,98,0.0,,263,3.7,,1014.2,,1,5
2025-01-21 00:00:00,11.8,95,0.0,,260,3.6,,1013.6,,1,5
2025-01-21 01:00:00,12.0,99,0.0,,257,3.7,,1014.4,,1,5
2025-01-21 02:00:00,12.1,97,0.0,,254,5.5,,1014.8,,1,5
2025-01-21 03:00:00,12.0,83,0.0,,270,5.4,,1016.0,,1,5
2025-01-21 04:00:00,14.5,72,0.0,,272,7.4,,1016.0,,0,1
2025-01-21 05:00:00,17.0,63,0.0,,273,7.4,,1016.0,,0,1
2025-01-21 06:00:00,20.2,50,0.0,,270,9.4,,1015.9,,1,1
2025-01-21 07:00:00,20.5,51,0.0,,279,9.3,,1014.8,,1,1
2025-01-21 08:00:00,21.5,47,0.0,,283,11.1,,1013.6,,1,1
2025-01-21 09:00:00,23.4,45,0.0,,270,9.4,,1012.7,,1,1
2025-01-21 10:00:00,22.6,49,0.0,,268,9.3,,1012.4,,0,1
2025-01-21 11:00:00,21.7,52,0.0,,266,9.3,,1012.1,,0,1
2025-01-21 12:00:00,21.4,69,0.0,,250,7.6,,1011.6,,0,1
2025-01-21 13:00:00,19.2,64,0.0,,263,7.4,,1012.3,,1,1
2025-01-21 14:00:00,17.5,72,0.0,,262,5.5,,1012.9,,1,1
2025-01-21 15:00:00,16.0,81,0.0,,0,0.0,,1014.0,,1,1
2025-01-21 16:00:00,15.4,83,0.0,,261,0.0,,1014.1,,0,1
2025-01-21 17:00:00,14.8,86,0.0,,271,1.8,,1014.3,,0,1
2025-01-21 18:00:00,14.0,93,0.0,,0,0.0,,1014.3,,0,1
2025-01-21 19:00:00,13.7,90,0.0,,267,1.8,,1014.2,,0,5
2025-01-21 20:00:00,13.3,91,0.0,,263,1.8,,1014.0,,0,5
2025-01-21 21:00:00,10.8,97,0.0,,0,0.0,,1014.0,,0,5
2025-01-21 22:00:00,10.9,96,0.0,,257,0.0,,1013.8,,0,1
2025-01-21 23:00:00,10.9,95,0.0,,257,0.0,,1013.7,,0,1
2025-01-22 00:00:00,10.4,100,0.0,,0,0.0,,1013.3,,0,5
2025-01-22 01:00:00,11.0,95,0.0,,230,1.8,,1014.0,,0,5
2025-01-22 02:00:00,11.0,96,0.0,,222,1.8,,1014.4,,0,5
2025-01-22 03:00:00,12.0,97,0.0,,216,3.6,,1015.1,,0,5
2025-01-22 04:00:00,14.6,82,0.0,,251,3.7,,1015.1,,0,5
2025-01-22 05:00:00,17.1,70,0.0,,251,3.7,,1015.2,,0,1
2025-01-22 06:00:00,21.2,56,0.0,,251,3.6,,1015.3,,0,1
2025-01-22 07:00:00,20.7,56,0.0,,266,5.5,,1014.2,,1,1
2025-01-22 08:00:00,21.7,52,0.0,,277,5.5,,1013.2,,1,1
2025-01-22 09:00:00,24.8,70,0.0,,270,5.4,,1012.2,,2,1
2025-01-22 10:00:00,23.8,70,0.0,,268,5.5,,1012.0,,1,1
2025-01-22 11:00:00,22.8,70,0.0,,266,5.5,,1011.7,,1,1
2025-01-22 12:00:00,22.0,74,0.0,,0,0.0,,1011.6,,2,1
2025-01-22 13:00:00,20.3,75,0.0,,265,5.5,,1012.1,,2,1
2025-01-22 14:00:00,18.7,81,0.0,,265,3.7,,1012.7,,2,1
2025-01-22 15:00:00,15.6,91,0.0,,0,0.0,,1014.0,,3,1
2025-01-22 16:00:00,15.5,90,0.0,,273,0.0,,1014.1,,0,1
2025-01-22 17:00:00,15.3,90,0.0,,322,1.8,,1014.2,,1,1
2025-01-22 18:00:00,14.8,91,0.0,,0,0.0,,1014.5,,4,1
2025-01-22 19:00:00,14.8,90,0.1,,308,3.7,,1014.2,,2,1
2025-01-22 20:00:00,14.4,91,3.1,,300,3.7,,1014.0,,2,7
2025-01-22 21:00:00,14.4,96,0.0,,0,0.0,,1014.4,,5,5
2025-01-22 22:00:00,14.0,96,1.1,,287,0.0,,1014.2,,5,3
2025-01-22 23:00:00,13.6,97,0.0,,244,1.8,,1014.1,,5,3
2025-01-23 00:00:00,12.6,100,0.0,,0,0.0,,1013.7,,2,3
2025-01-23 01:00:00,13.1,98,0.0,,248,1.8,,1014.5,,4,5
2025-01-23 02:00:00,13.1,98,0.0,,250,1.8,,1015.0,,4,5
2025-01-23 03:00:00,11.6,100,0.0,,0,0.0,,1015.8,,3,5
2025-01-23 04:00:00,14.4,84,0.0,,274,1.8,,1016.0,,6,5
2025-01-23 05:00:00,17.1,72,0.0,,274,3.7,,1016.2,,5,5
2025-01-23 06:00:00,18.8,68,0.0,,274,3.6,,1016.6,,3,2
2025-01-23 07:00:00,20.6,59,0.0,,282,7.4,,1015.6,,3,2
2025-01-23 08:00:00,21.4,56,0.0,,287,7.4,,1014.7,,2,2
2025-01-23 09:00:00,24.2,50,0.0,,290,11.2,,1014.0,,2,1
2025-01-23 10:00:00,21.5,57,0.0,,285,7.4,,1013.9,,2,1
2025-01-23 11:00:00,20.8,60,0.0,,277,7.4,,1013.9,,2,1
2025-01-23 12:00:00,21.0,68,0.0,,269,3.6,,1013.9,,2,1
2025-01-23 13:00:00,18.7,70,0.0,,271,5.5,,1014.6,,2,1
2025-01-23 14:00:00,17.2,78,0.0,,275,5.5,,1015.3,,1,1
2025-01-23 15:00:00,15.0,89,0.0,,0,0.0,,1016.0,,1,1
2025-01-23 16:00:00,14.5,91,0.0,,275,1.8,,1016.2,,0,1
2025-01-23 17:00:00,14.1,91,0.0,,275,1.8,,1016.3,,0,1
2025-01-23 18:00:00,14.2,89,0.0,,0,0.0,,1016.2,,0,1
2025-01-23 19:00:00,13.2,94,0.0,,275,3.7,,1016.2,,0,1
2025-01-23 20:00:00,12.7,95,0.0,,275,3.7,,1016.0,,0,1
2025-01-23 21:00:00,12.3,96,0.0,,274,3.7,,1015.7,,0,5
2025-01-23 22:00:00,11.0,95,0.0,,267,1.8,,1015.2,,0,1
2025-01-23 23:00:00,11.1,93,0.0,,267,3.7,,1015.2,,0,1
2025-01-24 00:00:00,10.8,92,0.0,,270,3.6,,1014.9,,0,1
2025-01-24 01:00:00,10.9,92,0.0,,259,5.5,,1015.7,,0,5
2025-01-24 02:00:00,10.7,93,0.0,,253,7.4,,1016.2,,0,5
2025-01-24 03:00:00,11.4,90,0.0,,250,5.4,,1016.6,,1,5
2025-01-24 04:00:00,13.7,77,0.0,,260,7.4,,1016.8,,0,1
2025-01-24 05:00:00,16.1,67,0.0,,266,9.3,,1017.0,,0,1
2025-01-24 06:00:00,19.8,55,0.0,,270,7.6,,1016.8,,0,1
2025-01-24 07:00:00,19.4,53,0.0,,275,13.0,,1016.5,,0,1
2025-01-24 08:00:00,20.3,49,0.0,,279,13.0,,1015.7,,0,1
2025-01-24 09:00:00,23.2,55,0.0,,270,16.6,,1014.4,,0,1
2025-01-24 10:00:00,22.3,56,0.0,,270,14.8,,1014.3,,0,1
2025-01-24 11:00:00,21.4,58,0.0,,270,13.0,,1014.2,,0,1
2025-01-24 12:00:00,20.6,58,0.0,,270,7.6,,1013.9,,0,1
2025-01-24 13:00:00,18.8,65,0.0,,270,9.3,,1014.6,,0,1
2025-01-24 14:00:00,17.0,72,0.0,,271,7.4,,1015.1,,0,1
2025-01-24 15:00:00,15.0,66,0.0,,0,0.0,,1015.2,,0,1
2025-01-24 16:00:00,14.5,69,0.0,,268,1.8,,1015.4,,0,1
2025-01-24 17:00:00,14.0,73,0.0,,268,3.7,,1015.6,,0,1
2025-01-24 18:00:00,13.6,73,0.0,,270,5.4,,1015.4,,0,1
2025-01-24 19:00:00,12.9,79,0.0,,270,3.7,,1015.5,,0,1
2025-01-24 20:00:00,12.3,81,0.0,,271,5.5,,1015.3,,0,1
2025-01-24 21:00:00,12.0,79,0.0,,270,5.4,,1014.4,,0,1
2025-01-24 22:00:00,11.5,80,0.0,,268,5.5,,1014.4,,0,1
2025-01-24 23:00:00,10.9,81,0.0,,266,5.5,,1014.5,,0,1
2025-01-25 00:00:00,10.0,84,0.0,,270,5.4,,1014.7,,0,1
2025-01-25 01:00:00,10.3,82,0.0,,259,7.4,,1015.1,,0,1
2025-01-25 02:00:00,10.2,82,0.0,,254,7.4,,1015.7,,0,1
2025-01-25 03:00:00,10.4,72,0.0,,270,5.4,,1016.1,,0,1
2025-01-25 04:00:00,13.1,63,0.0,,271,7.4,,1016.3,,0,1
2025-01-25 05:00:00,15.8,54,0.0,,271,9.3,,1016.5,,0,1
2025-01-25 06:00:00,19.6,42,0.0,,270,11.2,,1016.5,,0,1
2025-01-25 07:00:00,19.5,45,0.0,,273,13.0,,1015.7,,0,1
2025-01-25 08:00:00,20.5,42,0.0,,274,13.0,,1014.9,,0,1
2025-01-25 09:00:00,23.2,30,0.0,,270,18.4,,1013.6,,0,1
2025-01-25 10:00:00,22.4,34,0.0,,269,14.8,,1013.5,,0,1
2025-01-25 11:00:00,21.5,38,0.0,,267,13.0,,1013.3,,0,1
2025-01-25 12:00:00,21.0,42,0.0,,250,7.6,,1013.2,,0,1
2025-01-25 13:00:00,18.6,50,0.0,,263,7.4,,1013.8,,0,1
2025-01-25 14:00:00,16.5,59,0.0,,264,5.5,,1014.5,,0,1
2025-01-25 15:00:00,13.2,75,0.0,,0,0.0,,1015.1,,0,1
2025-01-25 16:00:00,12.8,77,0.0,,266,0.0,,1015.3,,0,1
2025-01-25 17:00:00,12.3,79,0.0,,265,0.0,,1015.4,,0,1
2025-01-25 18:00:00,11.8,81,0.0,,270,5.4,,1015.3,,0,1
2025-01-25 19:00:00,11.3,83,0.0,,263,1.8,,1015.4,,0,1
2025-01-25 20:00:00,10.8,84,0.0,,261,1.8,,1015.2,,0,1
2025-01-25 21:00:00,10.0,87,0.0,,0,0.0,,1014.9,,0,1
2025-01-25 22:00:00,9.6,86,0.0,,258,1.8,,1014.9,,0,1
2025-01-25 23:00:00,9.0,87,0.0,,257,1.8,,1014.8,,0,1
2025-01-26 00:00:00,8.0,89,0.0,,0,0.0,,1014.8,,0,5
2025-01-26 01:00:00,8.4,86,0.0,,245,3.7,,1015.3,,0,1
2025-01-26 02:00:00,8.5,85,0.0,,238,5.5,,1015.9,,0,1
2025-01-26 03:00:00,10.0,72,0.0,,250,5.4,,1016.8,,0,1
2025-01-26 04:00:00,13.0,61,0.0,,257,7.4,,1016.8,,0,1
2025-01-26 05:00:00,15.9,53,0.0,,263,7.4,,1016.8,,0,1
2025-01-26 06:00:00,19.6,36,0.0,,270,9.4,,1016.8,,0,1
2025-01-26 07:00:00,19.9,42,0.0,,269,9.3,,1015.8,,0,1
2025-01-26 08:00:00,21.0,38,0.0,,271,11.1,,1014.7,,0,1
2025-01-26 09:00:00,22.6,36,0.0,,290,14.8,,1013.5,,0,1
2025-01-26 10:00:00,21.9,38,0.0,,289,13.0,,1013.2,,0,1
2025-01-26 11:00:00,21.2,40,0.0,,288,9.3,,1012.9,,0,1
2025-01-26 12:00:00,20.6,53,0.0,,270,3.6,,1012.5,,0,1
2025-01-26 13:00:00,18.1,52,0.0,,283,5.5,,1013.4,,0,1
2025-01-26 14:00:00,15.7,64,0.0,,279,3.7,,1014.1,,0,1
2025-01-26 15:00:00,12.4,77,0.0,,0,0.0,,1014.4,,0,1
2025-01-26 16:00:00,11.8,80,0.0,,235,0.0,,1014.7,,0,1
2025-01-26 17:00:00,11.3,82,0.0,,226,0.0,,1015.0,,0,1
2025-01-26 18:00:00,9.6,87,0.0,,0,0.0,,1015.2,,0,1
2025-01-26 19:00:00,10.2,86,0.0,,218,0.0,,1015.2,,0,1
2025-01-26 20:00:00,9.6,89,0.0,,213,0.0,,1015.0,,0,1
2025-01-26 21:00:00,7.8,92,0.0,,0,0.0,,1014.5,,0,1
2025-01-26 22:00:00,7.5,92,0.0,,269,0.0,,1014.3,,0,1
2025-01-26 23:00:00,7.2,91,0.0,,261,0.0,,1014.2,,0,1
2025-01-27 00:00:00,7.8,92,0.0,,0,0.0,,1014.0,,0,1
2025-01-27 01:00:00,7.2,90,0.0,,232,1.8,,1014.5,,0,1
2025-01-27 02:00:00,7.4,88,0.0,,230,3.7,,1014.9,,0,1
2025-01-27 03:00:00,8.8,87,0.0,,0,0.0,,1015.6,,0,1
2025-01-27 04:00:00,12.0,70,0.0,,270,1.8,,1015.6,,0,1
2025-01-27 05:00:00,15.3,57,0.0,,270,5.5,,1015.5,,0,1
2025-01-27 06:00:00,19.8,41,0.0,,270,5.4,,1015.3,,0,1
2025-01-27 07:00:00,19.6,43,0.0,,273,9.3,,1014.4,,0,1
2025-01-27 08:00:00,20.7,39,0.0,,276,9.3,,1013.3,,0,1
2025-01-27 09:00:00,22.6,57,0.0,,270,7.6,,1011.7,,0,1
2025-01-27 10:00:00,21.9,57,0.0,,268,7.4,,1011.5,,0,1
2025-01-27 11:00:00,21.3,56,0.0,,266,7.4,,1011.2,,0,1
2025-01-27 12:00:00,20.2,66,0.0,,262,3.6,,1010.4,,0,1
2025-01-27 13:00:00,18.2,64,0.0,,260,5.5,,1011.7,,0,1
2025-01-27 14:00:00,15.9,73,0.0,,256,3.7,,1012.4,,0,1
2025-01-27 15:00:00,13.0,79,0.0,,0,0.0,,1012.5,,0,1
2025-01-27 16:00:00,12.3,83,0.0,,250,0.0,,1012.7,,0,1
2025-01-27 17:00:00,11.7,86,0.0,,250,0.0,,1012.9,,0,1
2025-01-27 18:00:00,10.0,90,0.0,,0,0.0,,1013.1,,0,1
2025-01-27 19:00:00,10.5,90,0.0,,215,0.0,,1012.9,,0,1
2025-01-27 20:00:00,9.9,92,0.0,,206,0.0,,1012.7,,0,1
2025-01-27 21:00:00,7.6,88,0.0,,0,0.0,,1012.5,,0,5
2025-01-27 22:00:00,7.5,89,0.0,,242,0.0,,1012.4,,0,1
2025-01-27 23:00:00,7.5,88,0.0,,240,1.8,,1012.4,,0,1
2025-01-28 00:00:00,6.6,97,0.0,,0,0.0,,1012.8,,0,1
2025-01-28 01:00:00,7.4,90,0.0,,219,1.8,,1013.0,,0,1
2025-01-28 02:00:00,7.5,89,0.0,,213,3.7,,1013.7,,0,5
2025-01-28 03:00:00,7.8,94,0.0,,0,0.0,,1015.0,,0,5
2025-01-28 04:00:00,11.6,74,0.0,,266,1.8,,1014.9,,0,1
2025-01-28 05:00:00,15.4,60,0.0,,266,3.7,,1014.9,,0,1
2025-01-28 06:00:00,19.4,50,0.0,,266,3.6,,1014.6,,0,1
2025-01-28 07:00:00,20.3,46,0.0,,269,7.4,,1013.8,,0,1
2025-01-28 08:00:00,21.4,44,0.0,,271,7.4,,1012.8,,0,1
2025-01-28 09:00:00,24.2,32,0.0,,273,3.6,,1011.2,,0,1
2025-01-28 10:00:00,21.9,46,0.0,,270,7.4,,1011.7,,0,1
2025-01-28 11:00:00,21.3,51,0.0,,266,7.4,,1011.5,,0,1
2025-01-28 12:00:00,21.4,47,0.0,,0,0.0,,1010.9,,0,1
2025-01-28 13:00:00,18.6,64,0.0,,223,3.7,,1012.1,,0,1
2025-01-28 14:00:00,16.4,73,0.0,,162,1.8,,1012.9,,0,1
2025-01-28 15:00:00,13.2,84,0.0,,0,0.0,,1013.2,,0,1
2025-01-28 16:00:00,13.5,87,0.0,,134,1.8,,1014.0,,0,1
2025-01-28 17:00:00,12.8,89,0.0,,131,1.8,,1014.4,,0,1
2025-01-28 18:00:00,10.6,92,0.0,,0,0.0,,1014.5,,1,1
2025-01-28 19:00:00,11.6,92,0.0,,126,0.0,,1014.7,,1,1
2025-01-28 20:00:00,11.1,93,0.0,,128,0.0,,1014.6,,1,5
2025-01-28 21:00:00,8.6,97,0.0,,0,0.0,,1014.8,,1,5
2025-01-28 22:00:00,8.5,97,0.0,,114,0.0,,1014.8,,0,5
2025-01-28 23:00:00,8.4,97,0.0,,123,1.8,,1014.7,,0,5
2025-01-29 00:00:00,7.6,100,0.0,,0,0.0,,1015.0,,2,5
2025-01-29 01:00:00,8.4,98,0.0,,124,1.8,,1015.3,,1,5
2025-01-29 02:00:00,8.5,99,0.0,,124,3.7,,1016.0,,1,5
2025-01-29 03:00:00,8.2,100,0.0,,0,0.0,,1016.9,,3,5
2025-01-29 04:00:00,12.0,81,0.0,,121,1.8,,1016.8,,2,5
2025-01-29 05:00:00,15.9,66,0.0,,121,5.5,,1016.8,,2,5
2025-01-29 06:00:00,21.2,56,0.0,,121,3.6,,1016.4,,1,5
2025-01-29 07:00:00,20.7,51,0.0,,125,7.4,,1015.6,,1,1
2025-01-29 08:00:00,21.8,47,0.0,,128,7.4,,1014.4,,1,1
2025-01-29 09:00:00,25.0,41,0.0,,90,7.6,,1013.0,,1,1
2025-01-29 10:00:00,24.0,45,0.0,,93,7.4,,1012.7,,0,5
2025-01-29 11:00:00,23.1,49,0.0,,97,5.5,,1012.4,,0,5
2025-01-29 12:00:00,22.2,61,0.0,,90,3.6,,1011.9,,1,1
2025-01-29 13:00:00,20.1,61,0.0,,102,5.5,,1012.6,,1,1
2025-01-29 14:00:00,18.0,70,0.0,,100,3.7,,1013.1,,1,1
2025-01-29 15:00:00,15.4,85,0.0,,0,0.0,,1013.6,,1,1
2025-01-29 16:00:00,14.8,87,0.0,,105,0.0,,1013.9,,0,5
2025-01-29 17:00:00,14.2,88,0.0,,113,0.0,,1014.1,,0,5
2025-01-29 18:00:00,13.6,88,0.0,,0,0.0,,1013.9,,0,5
2025-01-29 19:00:00,13.1,91,0.0,,126,0.0,,1014.1,,0,5
2025-01-29 20:00:00,12.5,92,0.0,,132,0.0,,1013.8,,0,5
2025-01-29 21:00:00,11.2,95,0.0,,0,0.0,,1012.7,,0,5
2025-01-29 22:00:00,11.0,95,0.0,,132,0.0,,1012.5,,0,5
2025-01-29 23:00:00,10.8,95,0.0,,105,0.0,,1012.2,,0,5
2025-01-30 00:00:00,10.4,97,0.0,,0,0.0,,1011.9,,0,5
2025-01-30 01:00:00,10.6,97,0.0,,137,1.8,,1012.3,,1,5
2025-01-30 02:00:00,10.6,97,0.0,,137,3.7,,1012.7,,1,5
2025-01-30 03:00:00,10.8,97,0.0,,0,0.0,,1013.6,,1,5
2025-01-30 04:00:00,14.1,82,0.0,,141,1.8,,1013.4,,0,5
2025-01-30 05:00:00,17.4,70,0.0,,141,3.7,,1013.3,,0,5
2025-01-30 06:00:00,21.0,57,0.0,,90,5.4,,1012.7,,0,5
2025-01-30 07:00:00,21.8,55,0.0,,149,5.5,,1011.9,,0,5
2025-01-30 08:00:00,22.8,52,0.0,,155,5.5,,1010.7,,0,5
2025-01-30 09:00:00,26.0,46,0.0,,159,3.6,,1008.8,,0,5
2025-01-30 10:00:00,25.0,50,0.0,,189,3.7,,1008.6,,0,5
2025-01-30 11:00:00,24.0,54,0.0,,189,3.7,,1008.4,,0,5
2025-01-30 12:00:00,22.8,65,0.0,,0,0.0,,1008.1,,0,5
2025-01-30 13:00:00,21.0,66,0.0,,141,3.7,,1008.8,,0,5
2025-01-30 14:00:00,19.0,75,0.0,,113,1.8,,1009.3,,0,5
2025-01-30 15:00:00,16.2,87,0.0,,0,0.0,,1009.7,,0,5
2025-01-30 16:00:00,15.6,89,0.0,,111,0.0,,1010.0,,0,5
2025-01-30 17:00:00,15.1,90,0.0,,126,0.0,,1010.3,,0,5
2025-01-30 18:00:00,13.8,97,0.0,,0,0.0,,1010.7,,0,5
2025-01-30 19:00:00,14.0,93,0.0,,177,0.0,,1010.4,,0,5
2025-01-30 20:00:00,13.5,94,0.0,,200,0.0,,1010.2,,0,5
2025-01-30 21:00:00,12.0,97,0.0,,0,0.0,,1010.1,,1,5
2025-01-30 22:00:00,11.7,98,0.0,,122,0.0,,1010.1,,1,5
2025-01-30 23:00:00,11.4,98,0.0,,230,0.0,,1010.1,,1,5
2025-01-31 00:00:00,10.8,97,0.0,,0,0.0,,1009.7,,2,5
2025-01-31 01:00:00,11.2,99,0.0,,170,0.0,,1010.6,,2,5
2025-01-31 02:00:00,11.3,99,0.0,,158,1.8,,1011.1,,2,5
2025-01-31 03:00:00,11.0,95,0.0,,0,0.0,,1012.1,,2,5
2025-01-31 04:00:00,14.5,85,0.0,,142,3.7,,1011.9,,2,5
2025-01-31 05:00:00,17.5,74,0.0,,136,5.5,,1012.2,,2,5
2025-01-31 06:00:00,22.2,60,0.0,,0,0.0,,1011.7,,2,5
2025-01-31 07:00:00,22.0,59,0.0,,132,5.5,,1011.4,,2,5
2025-01-31 08:00:00,23.3,55,0.0,,130,5.5,,1010.3,,2,5
2025-01-31 09:00:00,26.0,45,0.0,,128,3.6,,1009.5,,2,5
2025-01-31 10:00:00,25.1,48,0.0,,258,3.7,,1009.3,,0,5
2025-01-31 11:00:00,24.1,53,0.0,,258,3.7,,1009.1,,0,5
2025-01-31 12:00:00,23.4,62,0.0,,0,0.0,,1009.0,,1,5
2025-01-31 13:00:00,21.4,64,0.0,,265,3.7,,1009.6,,1,5
2025-01-31 14:00:00,19.5,73,0.0,,296,3.7,,1010.2,,1,5
2025-01-31 15:00:00,16.8,92,0.0,,0,0.0,,1011.5,,1,5
2025-01-31 16:00:00,16.4,91,0.0,,86,0.0,,1011.7,,0,5
2025-01-31 17:00:00,15.9,92,0.0,,120,0.0,,1011.8,,1,5
2025-01-31 18:00:00,14.0,96,0.0,,0,0.0,,1012.8,,2,5
2025-01-31 19:00:00,15.0,93,0.0,,187,1.8,,1011.8,,2,5
2025-01-31 20:00:00,14.4,95,0.0,,170,1.8,,1011.6,,2,5
2025-01-31 21:00:00,13.9,96,0.0,,162,1.8,,1011.4,,2,5
2025-01-31 22:00:00,12.1,100,0.0,,175,0.0,,1011.9,,0,5
2025-01-31 23:00:00,11.9,100,0.0,,188,0.0,,1011.7,,1,5
2025-02-01 00:00:00,11.2,100,0.0,,0,0.0,,1011.9,,1,5
